<?xml version="1.0" encoding="UTF-8"?>
<project-private xmlns="http://www.netbeans.org/ns/project-private/1">
    <editor-bookmarks xmlns="http://www.netbeans.org/ns/editor-bookmarks/2" lastBookmarkId="0"/>
    <open-files xmlns="http://www.netbeans.org/ns/projectui-open-files/2">
        <group>
            <file>file:/C:/Users/lakshika/Documents/NetBeansProjects/gameProject/src/gameProjectUNO/Help.java</file>
            <file>file:/C:/Users/lakshika/Documents/NetBeansProjects/gameProject/src/gameProjectUNO/MultiPlayerGameStage.java</file>
            <file>file:/C:/Users/lakshika/Documents/NetBeansProjects/gameProject/src/gameProjectUNO/AboutGame.java</file>
            <file>file:/C:/Users/lakshika/Documents/NetBeansProjects/gameProject/src/gameProjectUNO/DeckUNO.java</file>
            <file>file:/C:/Users/lakshika/Documents/NetBeansProjects/gameProject/src/gameProjectUNO/Default.java</file>
            <file>file:/C:/Users/lakshika/Documents/NetBeansProjects/gameProject/src/gameProjectUNO/main.java</file>
            <file>file:/C:/Users/lakshika/Documents/NetBeansProjects/gameProject/src/gameProjectUNO/AddPlayerNameDefault.java</file>
            <file>file:/C:/Users/lakshika/Documents/NetBeansProjects/gameProject/src/gameProjectUNO/DefaultPlayer.java</file>
            <file>file:/C:/Users/lakshika/Documents/NetBeansProjects/gameProject/src/gameProjectUNO/StartUp.java</file>
            <file>file:/C:/Users/lakshika/Documents/NetBeansProjects/gameProject/src/gameProjectUNO/CardPropertiesUNO.java</file>
            <file>file:/C:/Users/lakshika/Documents/NetBeansProjects/gameProject/src/gameProjectUNO/AddThreePlayersNames.java</file>
            <file>file:/C:/Users/lakshika/Documents/NetBeansProjects/gameProject/src/gameProjectUNO/PickColFrame.java</file>
            <file>file:/C:/Users/lakshika/Documents/NetBeansProjects/gameProject/src/gameProjectUNO/GameMenu.java</file>
            <file>file:/C:/Users/lakshika/Documents/NetBeansProjects/gameProject/src/gameProjectUNO/PlayGame.java</file>
            <file>file:/C:/Users/lakshika/Documents/NetBeansProjects/gameProject/src/gameProjectUNO/PickColFrameDef.java</file>
            <file>file:/C:/Users/lakshika/Documents/NetBeansProjects/gameProject/src/gameProjectUNO/AddPlayersNames.java</file>
            <file>file:/C:/Users/lakshika/Documents/NetBeansProjects/gameProject/src/gameProjectUNO/PlayMode.java</file>
            <file>file:/C:/Users/lakshika/Documents/NetBeansProjects/gameProject/src/gameProjectUNO/AddTwoPlayersNames.java</file>
        </group>
    </open-files>
</project-private>
